[
    {
        "id": 1,
        "name":"Cartoon Astronaut Tshirt",
        "price": 78,
        "image": "image/1.jpg"
    },
    {
        "id": 2,
        "name":" Cartoon Astronaut Tshirt",
        "price": 78,
        "image": "image/2.jpg"
    },
    {
        "id": 3,
        "name":"Cartoon Astronaut Tshirt ",
        "price": 290,
        "image": "image/3.jpg"
    },
    {
        "id": 4,
        "name":" Cartoon Astronaut Tshirt",
        "price": 78,
        "image": "image/4.jpg"
    },
    {
        "id": 5,
        "name":"Cartoon Astronaut Tshirt",
        "price": 300,
        "image": "image/5.jpg"
    },
    {
        "id": 6,
        "name":"Cartoon Astronaut Tshirt",
        "price": 78,
        "image": "image/6.jpg"
    },
    {
        "id": 7,
        "name":"Cartoon Astronaut Tshirt",
        "price": 78,
        "image": "image/7.jpg"
    },
    {
        "id": 8,
        "name":"Cartoon Astronaut Tshirt",
        "price": 78,
        "image": "image/8.jpg"
    }

]